"lfdn";"dispcode";"v_1";"v_2";"v_3";"v_4";"v_6";"v_7";"v_18";"v_200";"v_204"
"71";"31";"1";"2";"2";"1";"2";"1";"5";"1";"7"
"82";"31";"1";"2";"1";"1";"2";"2";"5";"1";"3"
"86";"31";"1";"2";"1";"1";"1";"1";"5";"2";"4"
"89";"22";"1";"1";"2";"2";"2";"2";"-77";"-77";"-77"
"91";"22";"1";"1";"0";"1";"2";"0";"4";"-77";"-77"
"94";"22";"1";"2";"1";"1";"2";"2";"5";"2";"4"
"95";"31";"1";"1";"1";"1";"1";"2";"5";"1";"8"
"100";"22";"1";"2";"2";"1";"2";"1";"5";"-77";"-77"
"101";"31";"1";"1";"1";"2";"2";"2";"2";"2";"3"
"102";"31";"1";"2";"2";"1";"1";"1";"5";"2";"2"
"114";"31";"1";"1";"2";"2";"2";"2";"4";"2";"4"
"123";"31";"1";"1";"1";"1";"1";"1";"1";"2";"3"
"124";"31";"1";"1";"1";"1";"2";"2";"2";"2";"5"
"125";"22";"1";"2";"1";"1";"1";"1";"3";"-77";"-77"
"127";"31";"1";"1";"2";"1";"2";"2";"5";"2";"7"
"134";"31";"1";"2";"2";"1";"2";"1";"5";"2";"5"
"135";"32";"1";"2";"2";"2";"2";"1";"5";"2";"4"
"138";"31";"1";"1";"1";"1";"2";"2";"2";"2";"8"
"139";"31";"1";"2";"1";"1";"1";"2";"5";"2";"4"
"141";"31";"1";"1";"1";"1";"2";"2";"4";"2";"6"
"149";"31";"1";"2";"1";"1";"1";"1";"5";"2";"5"
"159";"31";"1";"2";"2";"1";"3";"1";"1";"1";"2"
"160";"31";"1";"2";"1";"1";"2";"1";"3";"2";"2"
"164";"31";"1";"1";"1";"1";"2";"1";"4";"2";"9"
"165";"31";"1";"1";"1";"1";"2";"2";"4";"2";"8"
"167";"31";"1";"2";"2";"1";"2";"1";"4";"2";"2"
"168";"31";"1";"2";"1";"2";"2";"1";"4";"1";"4"
"184";"31";"1";"2";"1";"1";"1";"1";"4";"1";"1"
"189";"31";"1";"1";"2";"1";"1";"1";"3";"1";"5"
"194";"31";"1";"2";"2";"1";"1";"2";"5";"2";"9"
"201";"31";"1";"2";"2";"2";"2";"1";"3";"2";"9"
"207";"31";"1";"2";"1";"1";"2";"1";"5";"2";"4"
"210";"31";"1";"2";"1";"1";"1";"2";"3";"2";"9"
"211";"31";"1";"1";"2";"1";"1";"2";"4";"2";"2"
"215";"22";"0";"0";"0";"0";"0";"0";"-77";"-77";"-77"
"216";"31";"1";"1";"1";"2";"2";"2";"1";"1";"6"
"218";"31";"1";"2";"1";"2";"2";"2";"3";"1";"4"
"219";"22";"1";"2";"2";"1";"2";"1";"3";"2";"5"
"220";"31";"1";"1";"1";"1";"2";"2";"5";"1";"4"
"221";"31";"1";"2";"1";"1";"2";"1";"3";"1";"2"
"223";"32";"1";"2";"1";"2";"1";"1";"4";"1";"3"
"226";"22";"1";"2";"1";"1";"2";"2";"4";"-77";"-77"
"254";"31";"1";"1";"1";"1";"2";"1";"5";"2";"9"
"283";"22";"1";"2";"1";"1";"2";"2";"3";"-77";"-77"
"288";"22";"1";"2";"1";"1";"2";"1";"3";"-77";"-77"
"290";"31";"1";"2";"1";"1";"2";"2";"5";"1";"2"
"304";"31";"1";"1";"1";"1";"1";"1";"4";"1";"6"
"315";"31";"1";"1";"1";"1";"2";"2";"2";"1";"9"
"317";"31";"1";"2";"2";"1";"2";"1";"3";"2";"9"
"329";"31";"1";"1";"2";"1";"2";"2";"5";"1";"2"
"332";"31";"1";"2";"2";"2";"2";"2";"5";"2";"9"
"333";"31";"1";"1";"1";"2";"2";"2";"5";"1";"5"
"366";"31";"1";"1";"2";"1";"2";"2";"1";"2";"9"
"368";"22";"1";"1";"2";"1";"2";"2";"5";"-77";"-77"
"374";"31";"1";"2";"2";"1";"2";"1";"3";"1";"5"
"375";"31";"1";"2";"2";"2";"2";"1";"5";"1";"2"
"377";"31";"1";"1";"2";"1";"2";"2";"5";"2";"3"
"407";"31";"1";"2";"2";"1";"2";"1";"4";"1";"1"
"412";"31";"1";"2";"1";"1";"0";"1";"1";"1";"7"
"413";"31";"1";"2";"1";"1";"2";"1";"5";"2";"9"
"416";"31";"1";"2";"1";"1";"2";"1";"4";"2";"2"
"417";"22";"1";"2";"1";"1";"2";"2";"-77";"-77";"-77"
"427";"31";"1";"2";"1";"1";"2";"1";"1";"1";"3"
"429";"22";"0";"0";"0";"0";"0";"0";"0";"1";"0"
"431";"31";"1";"1";"1";"1";"1";"1";"1";"1";"1"
"433";"31";"1";"2";"1";"1";"2";"1";"5";"2";"5"
"444";"22";"-77";"-77";"-77";"-77";"-77";"-77";"-77";"-77";"-77"
"445";"22";"2";"3";"3";"1";"1";"1";"-77";"-77";"-77"
"448";"31";"1";"1";"2";"1";"2";"2";"4";"2";"9"
"459";"31";"1";"1";"1";"1";"2";"2";"4";"2";"8"
"462";"31";"1";"2";"1";"2";"1";"2";"4";"1";"2"
"464";"31";"1";"2";"2";"2";"2";"2";"5";"1";"9"
"470";"22";"1";"2";"1";"1";"2";"1";"2";"-77";"-77"
"479";"22";"1";"2";"1";"1";"1";"1";"1";"-77";"-77"
"482";"22";"-77";"-77";"-77";"-77";"-77";"-77";"-77";"-77";"-77"
"483";"31";"1";"1";"2";"2";"2";"2";"5";"2";"3"
"484";"22";"-77";"-77";"-77";"-77";"-77";"-77";"-77";"-77";"-77"
"487";"31";"1";"2";"1";"1";"2";"1";"5";"1";"2"
"500";"31";"1";"2";"2";"1";"1";"1";"5";"1";"9"
"501";"31";"2";"2";"3";"1";"1";"2";"5";"2";"6"
"504";"22";"1";"2";"1";"1";"2";"1";"4";"-77";"-77"
"512";"22";"-77";"-77";"-77";"-77";"-77";"-77";"-77";"-77";"-77"
"513";"31";"1";"2";"1";"1";"2";"2";"5";"1";"4"
"515";"32";"1";"2";"1";"1";"1";"2";"5";"1";"5"
"517";"31";"1";"2";"1";"1";"2";"1";"5";"1";"3"
"518";"22";"1";"1";"1";"1";"2";"2";"3";"-77";"-77"
"523";"31";"1";"2";"1";"1";"2";"2";"3";"1";"7"
"528";"22";"1";"1";"2";"1";"2";"2";"3";"-77";"-77"
"531";"31";"1";"1";"1";"1";"1";"1";"2";"1";"8"
"532";"31";"1";"2";"2";"1";"1";"1";"4";"1";"8"
"533";"31";"1";"1";"1";"1";"2";"2";"4";"1";"5"
"534";"31";"1";"2";"1";"2";"2";"2";"3";"1";"9"
"539";"31";"1";"2";"3";"1";"1";"1";"4";"1";"5"
"540";"31";"1";"2";"1";"2";"2";"1";"3";"1";"4"
"542";"22";"1";"2";"2";"1";"2";"1";"-77";"-77";"-77"
"547";"31";"1";"1";"2";"1";"2";"2";"5";"1";"7"
"548";"31";"1";"1";"1";"1";"2";"2";"4";"1";"9"
"549";"31";"1";"2";"1";"1";"2";"1";"5";"1";"2"
"550";"31";"1";"1";"3";"1";"1";"2";"4";"1";"7"
"552";"22";"1";"1";"1";"2";"-77";"-77";"-77";"-77";"-77"
"553";"31";"1";"1";"1";"1";"2";"1";"3";"1";"7"
"554";"22";"1";"2";"1";"1";"1";"1";"4";"-77";"-77"
"555";"31";"1";"2";"2";"1";"1";"1";"3";"1";"7"
"556";"31";"1";"1";"1";"2";"2";"2";"4";"1";"3"
"558";"31";"1";"2";"2";"1";"2";"2";"1";"1";"4"
"561";"22";"-77";"-77";"-77";"-77";"-77";"-77";"-77";"-77";"-77"
"563";"31";"1";"2";"1";"1";"1";"1";"5";"1";"8"
"567";"22";"-77";"-77";"-77";"-77";"-77";"-77";"-77";"-77";"-77"
"570";"31";"1";"1";"1";"1";"1";"1";"5";"1";"8"
"572";"31";"1";"2";"2";"2";"2";"1";"5";"1";"3"
"574";"22";"1";"1";"2";"2";"1";"2";"3";"-77";"-77"
"575";"22";"1";"2";"1";"1";"-77";"-77";"-77";"-77";"-77"
"576";"31";"1";"1";"2";"1";"2";"2";"4";"1";"6"
"578";"31";"1";"1";"2";"1";"2";"1";"5";"1";"9"
"579";"31";"1";"2";"1";"1";"2";"2";"4";"1";"4"
"581";"31";"1";"2";"2";"1";"2";"1";"3";"1";"2"
"585";"31";"1";"2";"2";"1";"2";"1";"5";"1";"5"
"586";"31";"1";"2";"2";"1";"2";"2";"3";"1";"9"
"588";"22";"-77";"-77";"-77";"-77";"-77";"-77";"-77";"-77";"-77"
"589";"22";"1";"1";"2";"1";"2";"2";"4";"-77";"-77"
"590";"22";"1";"1";"1";"1";"-77";"-77";"-77";"-77";"-77"
"591";"31";"1";"1";"1";"1";"2";"1";"3";"1";"6"
"598";"22";"1";"1";"2";"1";"2";"2";"3";"-77";"-77"
"599";"31";"1";"1";"2";"1";"1";"1";"5";"1";"3"
"600";"31";"1";"2";"1";"1";"2";"1";"1";"1";"4"
"601";"31";"1";"2";"2";"1";"2";"1";"3";"1";"9"
"606";"31";"1";"1";"1";"1";"1";"1";"5";"1";"5"
"607";"31";"1";"1";"3";"1";"2";"2";"5";"1";"9"
"609";"32";"1";"2";"2";"1";"2";"1";"5";"1";"6"
"610";"31";"1";"1";"1";"1";"2";"0";"5";"1";"9"
"611";"22";"1";"2";"1";"1";"2";"1";"-77";"-77";"-77"
"612";"31";"1";"1";"2";"1";"2";"2";"5";"1";"3"
"613";"22";"1";"2";"1";"1";"2";"2";"5";"-77";"-77"
"614";"22";"1";"2";"1";"2";"2";"1";"3";"1";"9"
"618";"22";"1";"1";"2";"1";"2";"2";"5";"-77";"-77"
"619";"22";"1";"2";"2";"1";"2";"2";"6";"-77";"-77"
"623";"31";"1";"2";"1";"1";"2";"2";"5";"1";"9"
"624";"22";"-77";"-77";"-77";"-77";"-77";"-77";"-77";"-77";"-77"
"627";"22";"1";"2";"1";"1";"2";"2";"-77";"-77";"-77"
"629";"31";"1";"1";"0";"1";"2";"1";"5";"1";"7"
"632";"31";"1";"1";"2";"1";"2";"1";"5";"1";"4"
"636";"31";"1";"2";"1";"1";"2";"2";"5";"1";"3"
"638";"31";"1";"2";"1";"1";"2";"2";"5";"1";"5"
"640";"31";"1";"2";"2";"1";"2";"1";"3";"1";"9"
"642";"31";"1";"2";"1";"1";"1";"1";"3";"1";"9"
"644";"31";"1";"2";"2";"1";"1";"2";"5";"1";"8"
"645";"22";"1";"1";"1";"1";"2";"2";"5";"-77";"-77"
"646";"31";"1";"1";"1";"1";"2";"2";"4";"1";"4"
"647";"31";"1";"1";"1";"1";"2";"2";"2";"1";"5"
"648";"31";"1";"1";"1";"1";"1";"2";"3";"1";"7"
"652";"31";"1";"2";"1";"2";"2";"2";"3";"1";"3"
"653";"31";"1";"2";"2";"2";"2";"2";"3";"1";"6"
"654";"22";"1";"2";"1";"1";"1";"1";"3";"-77";"-77"
"655";"31";"1";"1";"2";"2";"2";"2";"4";"1";"3"
"656";"31";"1";"2";"1";"1";"1";"2";"5";"1";"4"
"658";"31";"1";"2";"2";"1";"1";"2";"5";"1";"4"
"659";"31";"1";"1";"1";"1";"1";"2";"2";"1";"7"
"660";"22";"-77";"-77";"-77";"-77";"-77";"-77";"-77";"-77";"-77"
"665";"31";"1";"1";"2";"2";"2";"1";"3";"1";"5"
"666";"31";"1";"1";"1";"1";"2";"2";"3";"1";"6"
"669";"22";"1";"1";"2";"1";"2";"2";"3";"-77";"-77"
"672";"31";"1";"1";"1";"1";"2";"2";"5";"1";"8"
"675";"22";"-77";"-77";"-77";"-77";"-77";"-77";"-77";"-77";"-77"
"677";"31";"2";"2";"1";"1";"3";"1";"3";"1";"9"
"682";"31";"1";"1";"1";"1";"2";"2";"4";"1";"9"
"688";"31";"1";"2";"1";"1";"1";"2";"4";"1";"4"
"689";"22";"-77";"-77";"-77";"-77";"-77";"-77";"-77";"-77";"-77"
"692";"31";"1";"1";"3";"1";"1";"2";"5";"1";"9"
"695";"22";"0";"0";"0";"0";"0";"0";"-77";"-77";"-77"
"699";"31";"1";"1";"1";"1";"2";"2";"3";"1";"7"
"703";"31";"1";"1";"3";"2";"2";"2";"2";"1";"3"
"705";"31";"1";"1";"1";"1";"1";"1";"5";"1";"9"
"708";"22";"1";"2";"1";"2";"2";"2";"6";"-77";"-77"
"709";"31";"1";"2";"2";"1";"2";"1";"4";"1";"2"
"712";"31";"1";"1";"1";"1";"2";"2";"5";"1";"5"
"718";"31";"1";"1";"1";"1";"2";"2";"3";"1";"5"
"720";"31";"1";"2";"2";"1";"1";"1";"5";"1";"5"
"721";"32";"1";"1";"1";"1";"1";"2";"5";"1";"3"
"724";"31";"1";"1";"1";"1";"2";"2";"5";"1";"8"
"725";"31";"1";"1";"2";"1";"2";"2";"5";"1";"3"
"726";"31";"1";"1";"2";"1";"2";"2";"3";"1";"9"
"731";"31";"1";"2";"1";"1";"2";"2";"5";"1";"2"
"732";"22";"2";"2";"2";"1";"2";"2";"-77";"-77";"-77"
"738";"31";"1";"1";"2";"1";"1";"2";"4";"1";"8"
"747";"31";"2";"2";"2";"2";"2";"2";"3";"1";"9"
"748";"31";"1";"1";"1";"1";"2";"2";"3";"1";"6"
"749";"31";"1";"2";"1";"1";"2";"2";"5";"2";"1"
"750";"31";"1";"2";"1";"1";"2";"1";"3";"2";"2"
"751";"31";"1";"1";"1";"1";"1";"1";"2";"1";"8"
"752";"31";"1";"1";"1";"1";"1";"1";"2";"2";"4"
"753";"31";"1";"2";"1";"1";"1";"1";"2";"1";"2"
"754";"31";"1";"1";"1";"1";"2";"2";"2";"2";"7"
"755";"31";"1";"1";"2";"2";"2";"2";"3";"2";"5"
"756";"31";"1";"1";"1";"1";"1";"1";"3";"2";"7"
"757";"31";"1";"1";"1";"1";"1";"1";"1";"1";"5"
"758";"31";"1";"2";"1";"1";"2";"2";"4";"2";"6"
"759";"31";"2";"2";"0";"1";"2";"1";"3";"1";"6"
"760";"31";"1";"1";"2";"1";"2";"2";"5";"1";"8"
"761";"31";"1";"2";"2";"1";"2";"2";"5";"1";"2"
"762";"31";"1";"1";"1";"1";"1";"1";"5";"1";"8"
"764";"31";"1";"1";"1";"1";"2";"2";"2";"1";"2"
"765";"31";"1";"1";"1";"1";"2";"1";"3";"1";"2"
"766";"31";"1";"1";"1";"1";"2";"1";"1";"1";"3"
"767";"31";"1";"1";"1";"1";"1";"1";"2";"1";"6"
"768";"31";"1";"1";"1";"1";"2";"2";"5";"1";"8"
"769";"31";"1";"1";"1";"1";"2";"2";"2";"1";"5"
"770";"31";"1";"1";"1";"1";"2";"1";"4";"2";"2"
"771";"31";"1";"1";"1";"1";"2";"1";"5";"1";"9"
"772";"31";"1";"1";"3";"3";"2";"2";"5";"2";"9"
"773";"31";"1";"1";"2";"1";"1";"1";"1";"1";"4"
"774";"31";"1";"1";"1";"1";"1";"1";"2";"1";"3"
"775";"31";"1";"1";"2";"1";"2";"2";"3";"2";"2"
"776";"31";"1";"1";"1";"1";"2";"2";"3";"1";"3"
"777";"31";"1";"1";"1";"1";"1";"2";"3";"2";"3"
"778";"31";"1";"2";"1";"1";"1";"1";"4";"1";"1"
"779";"31";"1";"1";"1";"1";"2";"2";"4";"1";"8"
"780";"31";"1";"1";"1";"2";"2";"2";"5";"2";"2"
"781";"31";"2";"2";"2";"1";"2";"1";"3";"2";"2"
"782";"31";"1";"1";"1";"1";"2";"1";"1";"2";"8"
"783";"32";"1";"1";"1";"1";"2";"1";"2";"2";"2"
"784";"31";"0";"0";"0";"0";"2";"1";"4";"2";"2"
"785";"31";"2";"2";"2";"1";"2";"2";"5";"2";"5"
"786";"31";"1";"1";"1";"1";"2";"1";"5";"2";"2"
"787";"31";"2";"2";"2";"1";"2";"1";"5";"1";"4"
"788";"31";"1";"2";"1";"1";"2";"2";"5";"2";"9"
"789";"31";"1";"1";"1";"1";"1";"1";"5";"2";"5"
"790";"31";"1";"1";"1";"1";"2";"2";"3";"1";"6"
"791";"31";"1";"1";"2";"1";"2";"2";"4";"2";"5"
"792";"31";"1";"2";"1";"1";"2";"1";"5";"2";"2"
"793";"31";"1";"1";"1";"1";"2";"0";"1";"1";"5"
"794";"31";"1";"1";"1";"1";"1";"1";"1";"2";"7"
"795";"31";"1";"1";"1";"1";"1";"2";"2";"2";"9"
"796";"31";"1";"1";"1";"1";"2";"2";"3";"2";"3"
"797";"31";"2";"2";"2";"1";"2";"1";"4";"1";"2"
"798";"31";"1";"2";"1";"1";"2";"1";"3";"1";"4"
"799";"31";"2";"2";"2";"1";"2";"1";"5";"1";"3"
"800";"31";"1";"1";"1";"1";"2";"2";"2";"1";"6"
"801";"31";"1";"1";"1";"1";"1";"1";"5";"1";"8"
"802";"31";"1";"1";"1";"1";"1";"2";"3";"2";"4"
"803";"31";"1";"1";"1";"1";"1";"1";"2";"1";"9"
"804";"31";"2";"1";"1";"1";"2";"1";"5";"2";"9"
"805";"31";"2";"2";"2";"1";"2";"2";"4";"2";"3"
"806";"31";"1";"1";"1";"1";"2";"1";"1";"1";"6"
"807";"31";"1";"2";"1";"1";"1";"1";"5";"2";"9"
"808";"31";"2";"2";"2";"2";"2";"2";"4";"2";"2"
"809";"31";"1";"2";"1";"1";"2";"1";"3";"2";"4"
"810";"31";"1";"2";"1";"1";"1";"1";"5";"2";"9"
"811";"31";"1";"1";"1";"1";"2";"2";"3";"2";"5"
"812";"31";"1";"1";"1";"1";"2";"2";"3";"2";"4"
"813";"31";"2";"1";"1";"1";"2";"1";"5";"2";"4"
"814";"31";"1";"2";"2";"1";"2";"1";"2";"2";"4"
"815";"31";"1";"2";"1";"1";"2";"1";"5";"2";"4"
"816";"31";"1";"2";"2";"1";"2";"2";"5";"1";"3"
"817";"31";"1";"1";"1";"1";"2";"1";"2";"2";"7"
"818";"31";"1";"1";"1";"1";"1";"2";"4";"1";"8"
"819";"31";"1";"1";"2";"1";"2";"2";"3";"1";"3"
"820";"31";"1";"1";"1";"1";"2";"1";"3";"2";"8"
"821";"31";"1";"1";"1";"1";"2";"2";"4";"1";"3"
"822";"31";"1";"2";"2";"2";"2";"2";"4";"1";"2"
"823";"31";"1";"1";"1";"1";"3";"1";"3";"2";"4"
"824";"31";"1";"2";"1";"2";"2";"1";"5";"1";"5"
"825";"31";"1";"1";"1";"1";"2";"1";"2";"1";"2"
"826";"31";"1";"1";"1";"1";"2";"2";"3";"2";"3"
"827";"31";"1";"2";"1";"2";"2";"1";"5";"1";"9"
"828";"31";"1";"1";"1";"1";"1";"1";"1";"1";"4"
"829";"31";"1";"1";"2";"2";"2";"1";"1";"1";"2"
"830";"31";"2";"2";"2";"2";"2";"2";"5";"2";"2"
"831";"31";"2";"2";"2";"1";"1";"2";"6";"1";"9"
"832";"31";"1";"1";"1";"1";"2";"1";"3";"1";"5"
"833";"31";"1";"1";"1";"1";"2";"2";"5";"2";"4"
"834";"32";"1";"2";"1";"1";"2";"2";"3";"1";"1"
"835";"31";"1";"2";"2";"1";"1";"2";"4";"2";"4"
"836";"31";"1";"1";"2";"2";"2";"2";"4";"1";"9"
"837";"31";"1";"1";"1";"1";"1";"2";"4";"1";"4"
"838";"31";"1";"1";"2";"1";"2";"0";"5";"2";"2"
"839";"31";"1";"1";"1";"1";"2";"1";"1";"1";"7"
"840";"31";"2";"2";"1";"1";"2";"1";"3";"2";"9"
"841";"31";"1";"2";"0";"1";"1";"3";"2";"1";"2"
"842";"31";"1";"1";"1";"1";"2";"2";"2";"2";"5"
"843";"31";"1";"1";"1";"1";"1";"1";"2";"1";"6"
"844";"31";"1";"1";"1";"1";"2";"2";"4";"2";"7"
"845";"31";"1";"2";"1";"2";"2";"2";"5";"1";"9"
"846";"31";"1";"1";"1";"1";"2";"2";"3";"1";"3"
"847";"31";"1";"1";"1";"1";"2";"2";"5";"1";"4"
"848";"31";"1";"1";"1";"1";"2";"2";"2";"2";"7"
"849";"31";"1";"2";"1";"1";"2";"1";"4";"1";"4"
"850";"31";"2";"2";"2";"2";"2";"2";"5";"1";"4"
"851";"31";"1";"1";"2";"1";"2";"1";"5";"1";"9"
"852";"31";"1";"2";"2";"2";"2";"2";"5";"1";"2"
"853";"31";"1";"2";"1";"2";"2";"1";"5";"1";"9"
"854";"31";"1";"1";"1";"2";"2";"1";"2";"1";"9"
"855";"31";"1";"1";"1";"1";"2";"2";"3";"2";"9"
"856";"31";"1";"1";"1";"1";"2";"1";"3";"1";"3"
"857";"31";"1";"2";"1";"2";"2";"2";"5";"1";"4"
"858";"31";"1";"1";"1";"1";"1";"1";"1";"1";"8"
"859";"31";"1";"2";"1";"1";"2";"1";"5";"2";"1"
"860";"31";"2";"2";"2";"1";"2";"1";"5";"2";"2"
"861";"31";"1";"1";"2";"1";"2";"1";"3";"1";"4"
"862";"31";"1";"1";"1";"2";"2";"2";"3";"1";"3"
"863";"31";"1";"1";"1";"1";"2";"1";"5";"1";"3"
"864";"31";"1";"1";"1";"1";"2";"2";"5";"2";"9"
"865";"31";"1";"2";"2";"1";"2";"1";"5";"2";"2"
"866";"31";"1";"2";"1";"1";"2";"1";"4";"2";"8"
"867";"31";"1";"1";"1";"1";"2";"2";"4";"2";"8"
"868";"31";"1";"1";"1";"1";"2";"1";"4";"2";"2"
"869";"31";"1";"2";"1";"1";"2";"2";"5";"1";"8"
"870";"31";"1";"1";"1";"2";"2";"2";"3";"1";"9"
"871";"31";"1";"1";"2";"1";"2";"2";"3";"1";"6"
"872";"31";"1";"2";"1";"1";"2";"1";"2";"2";"8"
"873";"31";"1";"1";"1";"1";"2";"1";"3";"2";"2"
"874";"31";"1";"1";"1";"1";"2";"1";"4";"1";"4"
"875";"31";"3";"3";"3";"3";"2";"2";"5";"2";"9"
"876";"31";"1";"1";"1";"1";"2";"2";"1";"2";"5"
"877";"31";"1";"2";"2";"2";"2";"2";"3";"1";"1"
"878";"31";"1";"1";"1";"2";"2";"2";"2";"1";"4"
"879";"31";"1";"1";"1";"1";"2";"2";"5";"1";"5"
"880";"31";"1";"2";"1";"1";"2";"2";"5";"1";"2"
"881";"31";"2";"2";"2";"1";"2";"1";"1";"1";"4"
"882";"31";"1";"1";"1";"1";"2";"1";"5";"1";"4"
"883";"31";"1";"1";"1";"1";"2";"2";"5";"2";"8"
"884";"31";"1";"1";"2";"2";"2";"2";"5";"1";"5"
"885";"31";"1";"2";"1";"2";"2";"2";"5";"1";"2"
"886";"31";"1";"1";"2";"2";"2";"2";"5";"2";"4"
"887";"31";"2";"2";"1";"1";"1";"1";"4";"2";"3"
"888";"31";"1";"1";"2";"1";"2";"2";"5";"2";"9"
"889";"31";"1";"2";"1";"1";"1";"1";"4";"2";"3"
"890";"31";"1";"1";"1";"1";"1";"2";"2";"1";"9"
"891";"31";"1";"1";"1";"1";"2";"2";"3";"1";"4"
"892";"31";"1";"1";"1";"1";"1";"1";"2";"1";"7"
"893";"31";"1";"1";"3";"1";"2";"2";"5";"1";"5"
"894";"31";"1";"1";"1";"1";"2";"2";"3";"1";"5"
"895";"31";"2";"2";"2";"1";"2";"1";"5";"1";"3"
"896";"31";"1";"2";"1";"1";"2";"2";"5";"1";"4"
"897";"31";"1";"1";"1";"1";"2";"1";"3";"1";"2"
"898";"31";"1";"1";"1";"1";"2";"1";"3";"1";"1"
"899";"31";"1";"1";"1";"2";"1";"2";"2";"1";"5"
"900";"31";"1";"1";"1";"1";"2";"2";"3";"2";"6"
"901";"31";"1";"1";"2";"1";"2";"2";"3";"1";"5"
"902";"31";"1";"1";"1";"1";"1";"1";"1";"1";"5"
"903";"31";"2";"2";"2";"2";"2";"1";"5";"1";"9"
"904";"31";"1";"1";"1";"2";"2";"2";"5";"2";"3"
"905";"31";"2";"2";"2";"1";"2";"2";"3";"1";"3"
"906";"31";"1";"0";"1";"1";"2";"1";"1";"2";"3"
"907";"31";"1";"1";"1";"1";"2";"2";"4";"2";"4"
"908";"31";"2";"2";"2";"2";"2";"1";"5";"1";"3"
"909";"31";"1";"1";"2";"1";"2";"2";"5";"1";"6"
"910";"31";"1";"1";"1";"1";"2";"2";"2";"2";"6"
"911";"31";"1";"2";"1";"2";"2";"1";"4";"1";"4"
"912";"31";"1";"1";"1";"1";"2";"2";"4";"2";"4"
"913";"31";"1";"1";"1";"2";"2";"1";"4";"1";"2"
"914";"31";"1";"1";"1";"1";"2";"2";"2";"1";"3"
"915";"31";"1";"1";"2";"1";"2";"1";"5";"2";"4"
"916";"31";"1";"1";"1";"1";"2";"2";"2";"1";"3"
"917";"31";"1";"2";"1";"1";"2";"2";"5";"2";"3"
"918";"31";"1";"1";"1";"1";"1";"1";"1";"1";"8"
"919";"31";"1";"1";"1";"1";"2";"2";"5";"1";"5"
"920";"31";"1";"1";"1";"2";"2";"2";"3";"1";"9"
"921";"31";"1";"1";"1";"1";"2";"2";"3";"1";"6"
"922";"31";"1";"2";"1";"1";"2";"2";"2";"1";"7"
"923";"31";"2";"2";"2";"1";"2";"1";"5";"1";"3"
"924";"31";"1";"2";"1";"1";"2";"1";"3";"2";"2"
"925";"31";"1";"1";"2";"1";"1";"1";"2";"1";"8"
"926";"31";"1";"1";"1";"2";"2";"2";"2";"1";"2"
"927";"31";"1";"1";"1";"1";"2";"2";"4";"1";"3"
"928";"31";"1";"2";"1";"1";"2";"1";"4";"2";"2"
"929";"31";"1";"1";"1";"1";"2";"2";"3";"2";"4"
"930";"31";"1";"1";"1";"1";"1";"1";"1";"2";"4"
"931";"31";"1";"2";"1";"1";"2";"2";"5";"2";"8"
"932";"31";"1";"2";"1";"1";"2";"2";"3";"1";"3"
"933";"31";"1";"1";"2";"1";"2";"0";"5";"1";"8"
"934";"31";"1";"1";"1";"2";"2";"2";"3";"2";"4"
"935";"31";"1";"2";"1";"1";"1";"1";"3";"1";"4"
"936";"31";"2";"2";"2";"1";"2";"2";"5";"2";"9"
"937";"31";"1";"1";"1";"1";"2";"1";"4";"2";"1"
"938";"31";"1";"1";"1";"1";"2";"1";"5";"1";"4"
"939";"31";"1";"1";"1";"1";"2";"2";"5";"2";"3"
"940";"31";"1";"1";"1";"2";"2";"2";"3";"2";"7"
"941";"31";"2";"2";"2";"2";"2";"2";"6";"2";"1"
"942";"31";"1";"1";"1";"1";"2";"2";"5";"2";"3"
"943";"31";"1";"1";"1";"1";"2";"2";"3";"2";"5"
"944";"31";"1";"1";"1";"1";"2";"2";"2";"2";"4"
"945";"31";"1";"1";"1";"2";"2";"2";"4";"1";"6"
"946";"31";"2";"2";"2";"1";"2";"1";"3";"2";"4"
"947";"31";"1";"1";"1";"1";"2";"1";"2";"2";"1"
"948";"31";"1";"1";"1";"1";"1";"1";"2";"1";"7"
"949";"31";"1";"1";"1";"1";"3";"3";"3";"2";"4"
"950";"31";"1";"1";"1";"2";"2";"2";"1";"2";"5"
"951";"31";"1";"2";"2";"1";"2";"1";"5";"2";"3"
"952";"31";"1";"1";"2";"2";"2";"2";"5";"2";"4"
"953";"31";"2";"2";"2";"1";"2";"2";"3";"2";"2"
"954";"31";"1";"2";"1";"1";"2";"1";"2";"2";"1"
"955";"31";"1";"1";"1";"1";"2";"2";"2";"2";"5"
"956";"31";"1";"2";"1";"1";"2";"1";"1";"1";"4"
"957";"31";"1";"1";"1";"1";"2";"2";"4";"1";"4"
"958";"31";"1";"1";"2";"1";"2";"2";"3";"2";"2"
"959";"31";"1";"1";"2";"1";"2";"2";"2";"2";"3"
"960";"31";"1";"1";"2";"1";"2";"1";"3";"2";"6"
"961";"31";"2";"0";"2";"1";"2";"1";"6";"2";"4"
"962";"31";"1";"2";"1";"2";"2";"1";"3";"2";"3"
"963";"31";"1";"1";"1";"1";"1";"1";"1";"1";"8"
"964";"31";"2";"2";"2";"1";"2";"1";"5";"1";"4"
"965";"31";"1";"1";"1";"1";"2";"2";"5";"2";"5"
"966";"31";"1";"1";"1";"1";"2";"1";"4";"2";"8"
"967";"31";"1";"2";"2";"1";"2";"2";"5";"2";"9"
"968";"31";"1";"1";"1";"2";"2";"1";"3";"1";"9"
"969";"31";"2";"2";"1";"1";"2";"1";"3";"1";"2"
"970";"31";"1";"0";"1";"2";"2";"2";"5";"1";"6"
"971";"31";"1";"1";"2";"1";"2";"2";"3";"1";"6"
"972";"31";"1";"1";"1";"1";"2";"2";"5";"2";"9"
"973";"31";"1";"1";"2";"2";"2";"2";"4";"1";"9"
"974";"31";"1";"1";"1";"1";"2";"2";"1";"1";"6"
"975";"31";"1";"1";"1";"1";"2";"2";"4";"1";"3"
"976";"31";"2";"3";"2";"2";"2";"2";"5";"2";"5"
"977";"31";"1";"1";"1";"1";"2";"2";"3";"1";"2"
"978";"32";"1";"1";"2";"1";"2";"2";"3";"2";"6"
"979";"31";"1";"1";"1";"2";"2";"1";"1";"2";"3"
"980";"31";"1";"1";"3";"1";"2";"2";"3";"1";"5"
"981";"31";"1";"1";"1";"1";"2";"2";"3";"2";"5"
"982";"31";"1";"1";"1";"1";"2";"2";"3";"1";"5"
"983";"31";"1";"1";"1";"1";"2";"1";"3";"2";"9"
"984";"31";"1";"1";"1";"1";"2";"1";"2";"1";"5"
"985";"31";"1";"1";"1";"1";"1";"1";"2";"2";"8"
"986";"31";"1";"1";"1";"1";"1";"2";"5";"1";"7"
"987";"31";"1";"2";"1";"1";"2";"1";"5";"1";"3"
"988";"31";"1";"1";"1";"1";"2";"2";"3";"1";"7"
"989";"31";"1";"2";"1";"1";"2";"1";"4";"2";"2"
"990";"31";"1";"1";"1";"1";"2";"1";"2";"2";"8"
"991";"31";"1";"2";"1";"1";"1";"1";"5";"2";"2"
"992";"31";"2";"2";"1";"1";"2";"2";"5";"1";"1"
"993";"31";"1";"1";"1";"1";"2";"1";"3";"2";"3"
"994";"31";"1";"1";"1";"1";"2";"2";"0";"2";"5"
"995";"31";"2";"2";"2";"1";"2";"1";"6";"1";"2"
"996";"31";"2";"2";"2";"1";"1";"2";"5";"2";"1"
"997";"31";"1";"1";"1";"1";"2";"2";"4";"1";"4"
"998";"31";"1";"1";"2";"1";"1";"1";"4";"2";"6"
"999";"31";"1";"2";"1";"1";"2";"2";"5";"1";"3"
"1000";"31";"1";"1";"1";"1";"1";"2";"3";"1";"7"
"1001";"31";"1";"1";"1";"1";"2";"2";"3";"1";"7"
"1002";"31";"1";"1";"2";"1";"2";"1";"5";"1";"6"
"1003";"31";"2";"2";"2";"1";"1";"1";"3";"1";"3"
"1004";"31";"1";"1";"1";"1";"1";"1";"1";"1";"8"
"1005";"31";"1";"2";"1";"1";"1";"1";"1";"1";"6"
"1006";"31";"1";"1";"2";"1";"2";"1";"5";"0";"6"
"1007";"32";"1";"1";"1";"1";"1";"1";"3";"2";"3"
"1008";"31";"1";"1";"1";"1";"2";"2";"3";"2";"9"
"1009";"31";"1";"1";"1";"0";"1";"1";"0";"1";"7"
"1010";"31";"1";"1";"1";"1";"2";"2";"3";"2";"7"
"1011";"31";"1";"2";"1";"2";"1";"1";"2";"1";"5"
"1012";"31";"1";"1";"1";"1";"2";"1";"4";"1";"5"
"1013";"31";"1";"2";"1";"1";"2";"2";"4";"1";"4"
"1014";"31";"1";"2";"1";"1";"2";"1";"5";"2";"3"
"1015";"31";"2";"2";"2";"1";"2";"1";"3";"2";"2"
"1016";"31";"1";"1";"1";"1";"2";"2";"3";"1";"9"
"1017";"31";"1";"2";"2";"2";"2";"1";"5";"1";"1"
"1018";"31";"1";"2";"1";"1";"1";"1";"2";"1";"2"
"1019";"31";"1";"1";"1";"1";"2";"2";"4";"2";"3"
"1020";"31";"1";"2";"1";"1";"2";"2";"1";"2";"3"
"1021";"31";"1";"1";"1";"1";"2";"2";"4";"1";"3"
"1022";"31";"1";"1";"1";"1";"2";"1";"2";"2";"2"
"1023";"31";"2";"2";"0";"1";"2";"1";"5";"1";"3"
"1024";"31";"1";"2";"1";"1";"2";"1";"1";"2";"1"
"1025";"31";"1";"2";"1";"2";"2";"1";"3";"2";"3"
"1026";"31";"1";"1";"2";"2";"1";"2";"5";"1";"9"
"1027";"31";"1";"1";"1";"1";"2";"1";"3";"1";"7"
"1028";"31";"1";"1";"1";"1";"2";"1";"2";"1";"8"
"1029";"31";"1";"1";"1";"1";"2";"2";"3";"2";"3"
"1030";"31";"1";"1";"1";"1";"1";"2";"5";"2";"5"
"1031";"31";"1";"1";"2";"1";"1";"2";"5";"1";"5"
"1032";"31";"1";"1";"1";"1";"1";"2";"2";"1";"4"
"1033";"31";"1";"1";"1";"1";"1";"1";"4";"2";"7"
"1034";"31";"2";"2";"1";"1";"2";"1";"2";"2";"5"
"1035";"31";"1";"1";"1";"1";"2";"1";"2";"1";"5"
"1036";"31";"2";"2";"2";"1";"2";"2";"5";"1";"2"
"1037";"31";"1";"1";"1";"1";"2";"2";"5";"1";"3"
"1038";"31";"1";"1";"2";"1";"2";"2";"3";"1";"4"
"1039";"31";"1";"1";"1";"2";"2";"2";"4";"1";"3"
"1040";"31";"1";"1";"1";"1";"2";"2";"5";"1";"3"
"1041";"31";"1";"1";"1";"1";"2";"2";"3";"2";"9"
"1042";"31";"1";"1";"1";"1";"2";"1";"5";"2";"3"
"1043";"31";"1";"2";"1";"1";"2";"1";"3";"2";"1"
"1044";"31";"2";"2";"2";"1";"2";"2";"5";"1";"4"
"1045";"31";"1";"1";"1";"1";"2";"1";"3";"1";"9"
"1046";"31";"1";"2";"1";"1";"1";"1";"2";"2";"3"
"1047";"31";"1";"1";"1";"1";"1";"1";"3";"1";"6"
"1048";"31";"1";"1";"1";"1";"0";"1";"5";"1";"3"
"1049";"32";"1";"1";"1";"1";"2";"1";"2";"1";"6"
"1050";"31";"1";"2";"1";"1";"2";"1";"3";"1";"6"
"1051";"31";"1";"2";"1";"1";"2";"1";"4";"2";"5"
"1052";"31";"1";"1";"2";"1";"2";"2";"1";"1";"3"
"1053";"31";"1";"1";"2";"1";"1";"2";"5";"1";"3"
"1054";"31";"1";"1";"1";"2";"2";"2";"4";"1";"4"
"1055";"31";"2";"2";"2";"1";"2";"1";"5";"2";"4"
"1056";"31";"1";"1";"1";"1";"2";"2";"3";"2";"7"
"1057";"31";"2";"2";"1";"1";"2";"1";"4";"2";"1"
"1058";"31";"1";"2";"1";"1";"2";"2";"5";"2";"2"
"1059";"31";"1";"1";"1";"1";"2";"0";"5";"1";"5"
"1060";"31";"2";"2";"2";"1";"2";"1";"6";"2";"5"
"1061";"31";"1";"1";"1";"1";"2";"2";"2";"2";"5"
"1062";"31";"1";"2";"1";"1";"1";"1";"5";"2";"4"
"1063";"31";"1";"1";"2";"2";"2";"2";"5";"2";"3"
"1064";"31";"1";"2";"2";"1";"2";"1";"5";"2";"4"
"1065";"31";"1";"1";"2";"1";"2";"2";"4";"2";"5"
"1066";"31";"1";"1";"1";"1";"2";"2";"3";"2";"6"
"1067";"31";"1";"1";"1";"1";"2";"1";"5";"1";"3"
"1068";"31";"1";"1";"1";"1";"2";"2";"3";"2";"4"
"1069";"31";"1";"1";"1";"1";"1";"1";"1";"1";"3"
"1070";"31";"1";"1";"1";"1";"1";"2";"4";"2";"6"
"1071";"31";"1";"1";"1";"1";"2";"2";"4";"2";"8"
"1072";"31";"1";"1";"1";"2";"2";"2";"3";"2";"7"
"1073";"31";"2";"2";"2";"1";"1";"1";"5";"2";"1"
"1074";"31";"1";"1";"2";"1";"2";"1";"3";"2";"3"
"1075";"31";"1";"1";"1";"1";"2";"2";"3";"2";"4"
"1076";"31";"1";"1";"1";"1";"2";"2";"5";"1";"7"
"1077";"31";"1";"2";"1";"2";"2";"1";"5";"2";"3"
"1078";"31";"1";"1";"1";"1";"2";"2";"2";"2";"8"
"1079";"31";"1";"2";"2";"1";"2";"1";"5";"2";"4"
"1080";"31";"1";"1";"2";"1";"2";"2";"5";"2";"4"
"1081";"31";"1";"2";"1";"1";"1";"1";"5";"1";"2"
"1082";"31";"1";"1";"2";"1";"2";"2";"3";"2";"5"
"1083";"31";"1";"2";"1";"1";"2";"1";"5";"2";"3"
"1084";"31";"1";"1";"1";"1";"1";"1";"3";"2";"7"
"1085";"31";"1";"1";"1";"1";"2";"2";"5";"2";"5"
"1086";"31";"1";"1";"1";"1";"2";"2";"3";"2";"6"
"1087";"31";"1";"1";"1";"1";"2";"2";"5";"1";"5"
"1088";"31";"1";"1";"2";"2";"2";"1";"4";"1";"0"
"1089";"31";"2";"2";"2";"1";"2";"2";"5";"1";"3"
"1090";"31";"1";"1";"1";"1";"2";"2";"5";"1";"8"
"1091";"31";"1";"1";"1";"1";"2";"2";"3";"2";"3"
"1092";"31";"1";"1";"2";"1";"2";"2";"5";"1";"2"
"1093";"31";"1";"1";"1";"1";"2";"2";"3";"2";"1"
"1094";"31";"1";"1";"1";"1";"2";"2";"4";"1";"4"
"1095";"31";"1";"1";"1";"1";"2";"2";"5";"2";"2"
"1096";"31";"1";"1";"1";"1";"2";"1";"5";"1";"5"
"1097";"31";"1";"1";"1";"1";"2";"2";"3";"1";"8"
"1098";"31";"1";"1";"2";"1";"2";"2";"4";"1";"9"
"1099";"31";"1";"1";"1";"1";"2";"2";"3";"2";"4"
"1100";"31";"1";"1";"1";"1";"2";"2";"2";"1";"8"
"1101";"31";"1";"1";"3";"2";"2";"1";"5";"2";"3"
"1102";"31";"1";"1";"1";"2";"2";"2";"6";"2";"3"
"1103";"31";"1";"1";"1";"1";"2";"2";"5";"1";"4"
"1104";"31";"2";"2";"2";"1";"1";"1";"3";"2";"3"
"1105";"31";"1";"1";"1";"1";"2";"2";"1";"1";"9"
"1106";"31";"1";"1";"1";"1";"2";"2";"3";"1";"3"
"1107";"31";"1";"1";"1";"1";"2";"2";"4";"2";"6"
"1108";"31";"1";"1";"1";"1";"2";"2";"4";"1";"6"
"1109";"31";"1";"1";"1";"1";"1";"1";"1";"1";"8"
"1110";"31";"1";"1";"1";"1";"2";"2";"5";"1";"5"
"1111";"31";"1";"2";"1";"1";"2";"1";"5";"1";"9"
"1112";"31";"1";"2";"2";"1";"2";"2";"4";"1";"2"
"1113";"31";"1";"1";"1";"1";"2";"2";"1";"1";"3"
"1114";"22";"1";"1";"1";"1";"1";"1";"2";"-77";"-77"
"1115";"31";"2";"2";"2";"2";"2";"2";"5";"2";"4"
"1116";"22";"0";"0";"0";"0";"-77";"-77";"-77";"-77";"-77"
"1117";"31";"1";"1";"1";"1";"2";"1";"3";"1";"5"
"1118";"31";"1";"2";"1";"1";"2";"1";"4";"2";"9"
"1119";"31";"2";"2";"1";"2";"1";"2";"5";"2";"3"
"1120";"31";"1";"2";"1";"1";"2";"1";"5";"1";"9"
"1121";"31";"1";"1";"1";"1";"2";"2";"1";"2";"5"
"1122";"31";"1";"1";"1";"2";"2";"2";"5";"2";"3"
"1123";"31";"1";"2";"1";"1";"2";"2";"5";"2";"3"
"1124";"31";"1";"1";"1";"1";"2";"2";"3";"1";"5"
"1125";"31";"1";"1";"1";"1";"0";"2";"2";"2";"8"
"1126";"31";"1";"1";"2";"1";"2";"2";"5";"2";"7"
"1127";"31";"1";"1";"1";"1";"2";"1";"5";"1";"3"
"1128";"31";"1";"1";"1";"1";"1";"1";"1";"1";"8"
"1129";"31";"1";"1";"1";"1";"2";"2";"4";"1";"5"
"1130";"31";"1";"2";"1";"1";"2";"2";"3";"1";"9"
"1131";"31";"1";"2";"1";"1";"1";"0";"1";"1";"5"
"1132";"31";"1";"2";"1";"1";"2";"1";"3";"2";"6"
"1133";"31";"1";"2";"1";"1";"2";"1";"5";"1";"3"
"1134";"31";"2";"2";"2";"2";"2";"1";"5";"1";"3"
"1135";"31";"1";"1";"2";"1";"2";"2";"3";"2";"4"
"1136";"31";"1";"1";"2";"2";"2";"2";"3";"2";"1"
"1137";"31";"1";"1";"2";"2";"2";"2";"2";"1";"4"
"1138";"31";"1";"1";"1";"1";"2";"2";"5";"2";"4"
"1139";"31";"1";"1";"1";"1";"2";"2";"5";"2";"5"
"1140";"31";"2";"2";"1";"1";"2";"1";"5";"2";"5"
"1141";"31";"1";"1";"1";"1";"1";"2";"5";"1";"9"
"1142";"31";"1";"1";"1";"1";"2";"2";"5";"1";"9"
"1143";"31";"1";"1";"1";"2";"2";"2";"5";"2";"1"
"1144";"31";"1";"2";"1";"1";"1";"1";"5";"2";"4"
"1145";"31";"1";"1";"1";"1";"2";"2";"1";"1";"9"
"1146";"31";"1";"2";"1";"1";"1";"1";"1";"0";"3"
"1147";"31";"1";"2";"2";"1";"2";"2";"3";"2";"2"
"1148";"31";"1";"1";"1";"1";"1";"1";"5";"2";"2"
"1149";"31";"2";"2";"2";"1";"2";"2";"5";"2";"2"
"1150";"31";"1";"1";"2";"1";"1";"1";"5";"1";"5"
"1151";"31";"1";"1";"1";"2";"2";"2";"5";"2";"3"
"1152";"31";"1";"1";"2";"1";"2";"1";"4";"2";"7"
"1153";"31";"1";"1";"1";"1";"2";"2";"5";"2";"3"
"1154";"31";"1";"1";"1";"1";"2";"1";"5";"1";"9"
"1155";"31";"1";"1";"1";"1";"2";"2";"3";"1";"7"
"1156";"31";"1";"2";"2";"2";"2";"1";"4";"2";"2"
"1157";"31";"1";"2";"1";"1";"2";"1";"5";"2";"8"
"1158";"31";"2";"2";"1";"1";"2";"2";"5";"1";"2"
"1159";"31";"1";"1";"1";"1";"2";"2";"5";"2";"6"
"1160";"31";"1";"1";"1";"2";"2";"1";"5";"2";"2"
"1161";"31";"1";"1";"2";"1";"1";"2";"5";"1";"4"
"1162";"31";"1";"1";"1";"1";"2";"1";"3";"2";"7"
"1163";"31";"1";"1";"1";"1";"1";"1";"5";"1";"4"
"1164";"31";"1";"1";"1";"1";"2";"1";"5";"1";"3"
"1165";"31";"1";"2";"1";"1";"2";"1";"4";"1";"0"
"1166";"31";"1";"0";"1";"1";"1";"2";"1";"2";"1"
"1167";"31";"1";"1";"1";"1";"2";"1";"1";"1";"3"
"1168";"31";"1";"1";"2";"1";"2";"2";"5";"1";"6"
"1169";"31";"1";"1";"1";"1";"2";"1";"3";"2";"3"
"1170";"31";"1";"1";"1";"1";"2";"2";"4";"2";"3"
"1171";"31";"1";"1";"1";"1";"1";"1";"2";"1";"4"
"1172";"31";"1";"1";"2";"1";"2";"1";"4";"2";"4"
"1173";"31";"1";"2";"2";"2";"1";"1";"4";"2";"3"
"1174";"31";"1";"1";"1";"1";"1";"2";"5";"2";"5"
"1175";"31";"1";"1";"1";"1";"2";"1";"5";"2";"7"
"1176";"31";"1";"2";"1";"1";"2";"1";"3";"2";"4"
"1177";"31";"1";"1";"1";"1";"2";"2";"5";"2";"4"
"1178";"31";"1";"1";"1";"1";"1";"1";"4";"1";"6"
"1179";"31";"1";"1";"1";"1";"2";"2";"5";"2";"3"
"1180";"31";"1";"1";"1";"2";"2";"2";"3";"1";"4"
"1181";"31";"1";"1";"2";"1";"2";"1";"4";"2";"6"
"1182";"31";"2";"2";"2";"1";"2";"1";"5";"1";"3"
"1183";"31";"1";"1";"1";"1";"2";"2";"3";"1";"8"
"1184";"31";"1";"1";"1";"1";"2";"2";"3";"1";"7"
"1185";"32";"1";"1";"1";"1";"2";"2";"3";"2";"6"
"1186";"31";"1";"1";"1";"1";"2";"2";"3";"2";"3"
"1187";"31";"1";"1";"1";"1";"1";"1";"2";"1";"8"
"1188";"31";"2";"1";"1";"2";"3";"3";"3";"1";"1"
"1189";"31";"1";"1";"1";"1";"1";"1";"1";"2";"5"
"1190";"31";"1";"1";"2";"1";"2";"2";"3";"2";"3"
"1191";"31";"1";"2";"1";"1";"1";"2";"3";"1";"9"
"1192";"31";"1";"1";"2";"1";"2";"2";"2";"2";"7"
"1193";"31";"2";"2";"2";"2";"2";"2";"6";"2";"9"
"1194";"31";"1";"1";"2";"1";"2";"2";"5";"2";"4"
"1195";"31";"1";"1";"1";"1";"1";"1";"3";"2";"3"
"1196";"31";"1";"1";"2";"1";"2";"2";"5";"1";"3"
"1197";"31";"1";"1";"1";"1";"2";"1";"5";"2";"6"
"1198";"31";"1";"1";"1";"1";"2";"2";"4";"1";"5"
"1199";"31";"1";"2";"1";"1";"2";"1";"3";"1";"9"
"1200";"31";"1";"1";"1";"1";"2";"2";"4";"1";"6"
"1201";"31";"1";"1";"1";"1";"2";"2";"2";"1";"3"
"1202";"31";"1";"1";"1";"1";"2";"2";"3";"2";"8"
"1203";"31";"1";"1";"1";"1";"2";"2";"2";"1";"5"
"1204";"31";"1";"1";"1";"1";"2";"2";"4";"2";"4"
"1205";"31";"1";"1";"1";"1";"2";"2";"3";"2";"9"
"1206";"31";"1";"1";"2";"1";"2";"2";"5";"1";"6"
"1207";"31";"1";"1";"1";"1";"2";"2";"4";"1";"6"
"1208";"31";"1";"2";"1";"1";"2";"2";"2";"2";"2"
"1209";"31";"1";"1";"2";"1";"2";"2";"5";"1";"7"
"1210";"31";"1";"1";"2";"1";"2";"1";"2";"1";"7"
"1211";"31";"1";"2";"1";"1";"1";"1";"3";"2";"9"
"1212";"31";"1";"1";"1";"2";"2";"2";"1";"1";"8"
"1213";"31";"1";"2";"1";"1";"2";"1";"3";"2";"1"
"1214";"31";"1";"1";"1";"2";"2";"2";"4";"1";"2"
"1215";"31";"1";"1";"1";"1";"1";"1";"1";"1";"8"
"1216";"31";"1";"1";"1";"1";"2";"2";"5";"1";"8"
"1217";"31";"1";"1";"1";"1";"2";"1";"2";"2";"5"
"1218";"31";"1";"1";"1";"1";"2";"1";"5";"2";"9"
"1219";"31";"1";"1";"2";"2";"2";"2";"3";"1";"9"
"1220";"31";"1";"1";"1";"1";"2";"1";"3";"1";"4"
"1221";"31";"1";"1";"1";"1";"2";"2";"4";"2";"9"
"1222";"31";"1";"1";"1";"1";"1";"1";"2";"2";"8"
"1223";"31";"1";"1";"1";"1";"2";"2";"4";"2";"6"
"1224";"31";"1";"1";"1";"1";"2";"2";"2";"1";"5"
"1225";"31";"1";"1";"1";"1";"2";"1";"2";"1";"8"
"1226";"31";"1";"1";"1";"1";"2";"2";"4";"1";"6"
"1227";"31";"1";"1";"2";"1";"2";"2";"2";"2";"5"
"1228";"31";"2";"2";"2";"1";"2";"1";"3";"1";"3"
"1229";"31";"1";"1";"1";"1";"2";"2";"3";"2";"2"
"1230";"31";"1";"1";"1";"1";"2";"2";"2";"2";"9"
"1231";"31";"1";"2";"2";"2";"2";"2";"3";"2";"3"
"1232";"31";"1";"2";"1";"1";"1";"1";"5";"1";"4"
"1233";"31";"1";"1";"1";"1";"2";"2";"5";"2";"3"
"1234";"31";"1";"2";"1";"1";"2";"1";"5";"2";"3"
"1235";"31";"1";"2";"1";"1";"2";"1";"5";"2";"8"
"1236";"31";"1";"2";"2";"1";"2";"2";"5";"1";"4"
"1237";"31";"1";"2";"1";"1";"2";"1";"3";"1";"9"
"1238";"31";"1";"1";"2";"2";"2";"2";"5";"1";"3"
"1239";"31";"1";"1";"1";"1";"2";"1";"3";"1";"1"
"1240";"31";"1";"2";"1";"1";"1";"1";"3";"2";"9"
"1241";"31";"2";"2";"1";"2";"2";"1";"5";"2";"2"
"1242";"31";"1";"1";"1";"1";"2";"2";"1";"1";"6"
"1243";"31";"1";"1";"1";"1";"1";"2";"5";"1";"8"
"1244";"31";"1";"1";"1";"2";"2";"2";"5";"1";"4"
"1245";"31";"1";"1";"1";"1";"2";"2";"5";"1";"8"
"1246";"31";"1";"1";"1";"1";"2";"2";"2";"1";"9"
"1247";"31";"1";"1";"1";"1";"2";"2";"5";"1";"6"
"1248";"31";"1";"3";"1";"3";"2";"2";"5";"1";"2"
"1249";"31";"1";"1";"1";"1";"2";"1";"2";"1";"7"
"1250";"31";"1";"1";"1";"1";"2";"2";"5";"1";"2"
"1251";"31";"1";"2";"1";"1";"1";"2";"5";"1";"9"
"1252";"31";"1";"2";"1";"1";"2";"1";"4";"1";"9"
"1253";"31";"1";"1";"1";"1";"2";"2";"4";"1";"4"
"1254";"31";"1";"2";"1";"1";"2";"2";"3";"1";"2"
"1255";"31";"1";"1";"1";"1";"2";"2";"3";"1";"3"
"1256";"31";"1";"2";"1";"2";"2";"1";"5";"1";"2"
"1257";"31";"1";"1";"1";"1";"2";"1";"5";"1";"5"
"1258";"31";"1";"1";"1";"1";"1";"2";"3";"1";"9"
"1259";"31";"1";"1";"1";"1";"2";"2";"5";"1";"7"
"1260";"31";"1";"2";"1";"1";"2";"1";"2";"1";"9"
"1261";"31";"1";"1";"1";"1";"2";"2";"5";"1";"7"
"1262";"31";"1";"2";"2";"1";"2";"2";"5";"1";"3"
"1263";"31";"1";"1";"1";"1";"2";"1";"3";"1";"3"
"1264";"31";"2";"2";"2";"2";"2";"1";"5";"1";"2"
"1265";"31";"1";"1";"1";"1";"2";"2";"3";"1";"7"
"1266";"31";"1";"1";"1";"1";"1";"2";"3";"1";"8"
"1267";"31";"1";"2";"1";"2";"1";"2";"4";"1";"3"
"1268";"31";"1";"1";"1";"1";"2";"2";"1";"1";"5"
"1269";"31";"1";"1";"1";"1";"2";"1";"2";"2";"2"
"1270";"31";"1";"1";"1";"2";"2";"2";"3";"1";"4"
"1271";"31";"1";"2";"1";"1";"2";"1";"2";"1";"4"
"1272";"31";"1";"1";"1";"1";"2";"2";"5";"1";"5"
"1273";"31";"1";"2";"2";"1";"1";"2";"5";"1";"2"
"1274";"31";"1";"1";"1";"1";"2";"2";"3";"1";"7"
"1275";"31";"1";"1";"2";"2";"2";"2";"3";"1";"9"
"1276";"31";"2";"2";"2";"1";"2";"1";"1";"1";"3"
"1277";"31";"1";"2";"1";"1";"1";"2";"5";"1";"9"
"1278";"31";"1";"1";"1";"1";"2";"2";"3";"1";"6"
"1279";"31";"1";"1";"1";"1";"2";"2";"3";"1";"9"
"1280";"31";"1";"1";"2";"1";"2";"2";"2";"2";"6"
"1281";"31";"1";"1";"2";"1";"1";"2";"5";"2";"5"
"1282";"31";"1";"1";"1";"2";"2";"2";"3";"1";"4"
"1283";"31";"1";"1";"1";"2";"2";"2";"4";"1";"6"
"1284";"31";"1";"0";"2";"1";"2";"1";"4";"1";"5"
"1285";"31";"1";"1";"1";"1";"1";"1";"5";"1";"5"
"1286";"31";"1";"1";"1";"1";"2";"1";"1";"1";"9"
"1287";"31";"1";"1";"2";"2";"2";"2";"5";"1";"9"
"1288";"31";"1";"1";"1";"1";"2";"2";"2";"2";"6"
"1289";"31";"1";"1";"1";"1";"2";"2";"3";"1";"9"
"1290";"31";"2";"2";"1";"1";"2";"1";"3";"1";"1"
"1291";"31";"1";"2";"1";"1";"1";"2";"3";"1";"6"
"1292";"31";"1";"1";"1";"1";"2";"2";"3";"1";"8"
"1293";"31";"1";"1";"1";"1";"2";"2";"3";"1";"7"
"1294";"31";"1";"1";"1";"1";"2";"2";"4";"1";"7"
"1295";"31";"1";"1";"1";"1";"2";"1";"4";"1";"5"
"1296";"31";"1";"1";"1";"1";"2";"2";"3";"1";"5"
"1297";"31";"1";"1";"1";"1";"2";"2";"4";"1";"9"
"1298";"31";"1";"2";"2";"1";"2";"1";"2";"1";"1"
"1299";"31";"1";"2";"1";"1";"1";"2";"4";"1";"3"
"1300";"31";"1";"1";"1";"1";"2";"2";"5";"1";"9"
"1301";"31";"1";"1";"1";"1";"2";"1";"3";"1";"3"
"1302";"31";"2";"2";"2";"1";"2";"2";"5";"1";"1"
"1303";"31";"1";"1";"1";"1";"2";"1";"5";"1";"9"
"1304";"31";"1";"1";"1";"1";"2";"2";"4";"1";"8"
"1305";"31";"2";"1";"2";"2";"2";"2";"5";"1";"1"
"1306";"31";"1";"1";"1";"1";"2";"1";"4";"1";"9"
"1307";"31";"1";"1";"2";"1";"2";"2";"3";"1";"5"
"1308";"31";"1";"1";"2";"1";"2";"2";"3";"2";"2"
"1309";"31";"1";"2";"1";"1";"2";"1";"3";"1";"5"
"1310";"31";"1";"1";"1";"2";"2";"2";"5";"1";"4"
"1311";"31";"1";"1";"1";"1";"2";"1";"3";"1";"7"
"1312";"31";"1";"1";"1";"1";"2";"2";"3";"1";"4"
"1313";"31";"1";"1";"1";"1";"2";"2";"3";"1";"9"
"1314";"31";"1";"1";"1";"1";"2";"2";"4";"1";"3"
"1315";"31";"1";"1";"1";"1";"2";"2";"3";"1";"9"
"1316";"31";"1";"1";"2";"1";"2";"2";"3";"1";"9"
"1317";"31";"1";"2";"2";"1";"0";"1";"3";"1";"7"
"1318";"31";"1";"1";"1";"1";"2";"2";"3";"1";"5"
"1319";"31";"1";"1";"1";"1";"2";"2";"3";"1";"9"
"1320";"31";"1";"1";"1";"1";"1";"2";"3";"1";"9"
"1321";"31";"1";"1";"1";"1";"2";"2";"2";"1";"9"
"1322";"31";"2";"2";"2";"1";"2";"1";"3";"1";"3"
"1323";"31";"1";"1";"1";"1";"2";"1";"5";"1";"1"
"1324";"31";"1";"1";"1";"1";"1";"2";"3";"1";"9"
"1325";"31";"1";"2";"1";"1";"2";"1";"2";"1";"2"
"1326";"31";"1";"1";"1";"1";"2";"2";"0";"1";"9"
"1327";"31";"2";"1";"1";"1";"2";"1";"5";"1";"4"
"1328";"31";"1";"2";"1";"1";"2";"2";"3";"2";"2"
"1329";"31";"1";"2";"2";"1";"2";"2";"5";"2";"9"
"1330";"31";"1";"1";"2";"2";"2";"2";"3";"1";"9"
"1331";"31";"1";"1";"2";"2";"2";"2";"5";"1";"2"
"1332";"31";"1";"2";"1";"1";"2";"1";"5";"1";"2"
"1333";"31";"1";"1";"1";"1";"1";"1";"1";"1";"6"
"1334";"31";"1";"2";"1";"2";"0";"0";"5";"1";"3"
"1335";"31";"1";"2";"1";"1";"1";"1";"5";"1";"2"
"1336";"31";"1";"1";"1";"1";"2";"2";"5";"1";"6"
"1337";"31";"1";"2";"1";"1";"2";"2";"4";"1";"4"
"1338";"31";"1";"1";"2";"1";"2";"2";"4";"1";"4"
"1339";"31";"1";"1";"1";"1";"2";"2";"4";"1";"3"
"1340";"31";"2";"2";"2";"1";"2";"2";"5";"1";"5"
"1341";"31";"1";"1";"1";"1";"1";"1";"4";"1";"4"
"1342";"31";"1";"2";"1";"1";"2";"1";"2";"1";"2"
"1343";"31";"1";"1";"1";"1";"2";"2";"2";"1";"5"
"1344";"31";"1";"1";"2";"1";"2";"2";"4";"1";"4"
"1345";"31";"1";"1";"1";"1";"2";"2";"5";"2";"9"
"1346";"31";"1";"1";"1";"1";"2";"2";"3";"1";"3"
"1347";"31";"1";"1";"1";"1";"2";"2";"2";"1";"7"
"1348";"31";"2";"2";"2";"2";"2";"1";"5";"1";"3"
"1349";"31";"1";"1";"1";"1";"2";"2";"3";"1";"3"
"1350";"31";"1";"1";"1";"1";"2";"2";"5";"1";"9"
"1351";"31";"1";"1";"1";"1";"2";"2";"3";"1";"5"
"1352";"31";"1";"1";"2";"1";"1";"2";"5";"1";"6"
"1353";"31";"1";"1";"1";"1";"2";"2";"4";"1";"9"
"1354";"31";"1";"1";"1";"1";"2";"1";"3";"1";"7"
"1355";"31";"1";"1";"2";"1";"2";"2";"3";"1";"9"
"1356";"31";"1";"1";"1";"2";"2";"2";"4";"1";"8"
"1357";"31";"2";"2";"2";"1";"2";"1";"5";"1";"3"
"1358";"31";"1";"1";"2";"1";"2";"2";"5";"1";"6"
"1359";"31";"1";"1";"2";"1";"2";"2";"4";"1";"4"
"1360";"31";"1";"1";"1";"1";"2";"2";"4";"1";"4"
"1361";"31";"2";"2";"2";"2";"2";"2";"3";"2";"6"
"1362";"31";"2";"2";"2";"2";"1";"1";"4";"1";"4"
"1363";"31";"1";"1";"2";"1";"1";"1";"5";"2";"4"
"1364";"31";"1";"2";"1";"1";"2";"2";"3";"1";"3"
"1365";"31";"1";"2";"1";"1";"1";"1";"5";"1";"2"
"1366";"31";"1";"1";"2";"1";"2";"2";"5";"1";"8"
"1367";"31";"1";"1";"1";"1";"2";"2";"4";"1";"6"
"1368";"31";"1";"2";"1";"1";"2";"2";"3";"1";"5"
"1369";"31";"1";"1";"1";"1";"2";"2";"3";"1";"7"
"1370";"31";"1";"1";"2";"2";"2";"2";"3";"1";"9"
"1371";"31";"1";"1";"1";"1";"2";"2";"4";"1";"8"
"1372";"31";"1";"0";"0";"0";"2";"1";"1";"1";"6"
"1373";"31";"1";"1";"1";"1";"2";"1";"3";"1";"5"
"1374";"31";"1";"1";"1";"1";"1";"1";"1";"1";"6"
"1375";"31";"1";"1";"2";"2";"2";"2";"5";"1";"4"
"1376";"31";"1";"1";"1";"1";"2";"2";"3";"1";"3"
"1377";"31";"1";"1";"1";"1";"2";"2";"3";"1";"9"
"1378";"31";"1";"1";"3";"1";"1";"1";"3";"1";"4"
"1379";"32";"1";"1";"2";"1";"1";"1";"4";"1";"8"
"1380";"31";"1";"1";"1";"1";"2";"2";"3";"1";"7"
"1381";"31";"2";"2";"2";"1";"2";"2";"3";"1";"3"
"1382";"31";"1";"1";"1";"1";"2";"2";"1";"1";"3"
"1383";"31";"1";"3";"1";"1";"2";"1";"3";"1";"9"
"1384";"31";"1";"2";"1";"2";"2";"2";"3";"1";"4"
"1385";"31";"1";"1";"1";"2";"2";"2";"5";"1";"8"
"1386";"31";"1";"1";"1";"1";"2";"1";"2";"1";"2"
"1387";"31";"1";"2";"1";"1";"2";"2";"3";"2";"3"
"1388";"22";"1";"3";"0";"1";"2";"1";"5";"-77";"-77"
"1389";"31";"1";"1";"2";"1";"2";"2";"1";"1";"5"
"1390";"31";"1";"0";"0";"0";"2";"2";"5";"1";"3"
"1391";"31";"1";"2";"2";"2";"2";"2";"3";"1";"6"
"1392";"31";"1";"2";"1";"1";"2";"1";"4";"1";"2"
"1393";"31";"0";"1";"1";"1";"2";"2";"4";"1";"8"
"1394";"31";"0";"1";"2";"2";"2";"2";"2";"1";"4"
"1395";"31";"1";"1";"1";"1";"2";"1";"3";"1";"4"
"1396";"31";"1";"2";"1";"1";"1";"2";"5";"1";"2"
"1397";"31";"1";"1";"1";"1";"1";"1";"3";"1";"8"
"1398";"31";"1";"1";"1";"1";"2";"2";"4";"2";"4"
"1399";"31";"1";"2";"2";"2";"2";"1";"3";"1";"3"
"1400";"31";"1";"1";"1";"1";"2";"2";"3";"1";"3"
"1401";"31";"1";"1";"1";"1";"1";"2";"4";"1";"8"
"1402";"31";"1";"1";"1";"1";"2";"2";"4";"1";"5"
"1403";"31";"1";"1";"1";"1";"2";"2";"3";"1";"3"
"1404";"31";"1";"2";"1";"1";"2";"1";"3";"2";"2"
"1405";"31";"1";"1";"1";"1";"2";"2";"1";"1";"5"
"1406";"22";"1";"1";"1";"1";"-77";"-77";"-77";"-77";"-77"
"1407";"31";"1";"1";"1";"1";"2";"2";"3";"1";"3"
"1408";"31";"1";"1";"1";"1";"2";"2";"5";"1";"2"
"1409";"31";"1";"1";"1";"1";"2";"2";"1";"1";"1"
"1410";"31";"1";"1";"2";"1";"2";"2";"2";"1";"6"
"1411";"31";"1";"1";"1";"1";"2";"1";"5";"1";"3"
"1412";"31";"1";"1";"1";"1";"2";"2";"5";"2";"2"
"1413";"31";"1";"1";"1";"1";"1";"1";"1";"1";"8"
"1415";"31";"1";"1";"1";"1";"2";"2";"5";"1";"4"
"1416";"31";"1";"1";"1";"1";"2";"2";"2";"1";"5"
"1417";"31";"1";"1";"2";"2";"2";"2";"4";"1";"3"
"1418";"31";"1";"1";"2";"1";"2";"2";"4";"1";"6"
"1419";"31";"1";"1";"1";"2";"2";"2";"4";"1";"5"
"1420";"31";"1";"1";"1";"2";"2";"2";"5";"2";"2"
"1421";"31";"1";"1";"1";"1";"2";"2";"3";"1";"7"
"1422";"31";"1";"1";"1";"1";"1";"2";"5";"2";"8"
"1423";"31";"2";"2";"2";"2";"2";"1";"3";"1";"3"
"1424";"31";"1";"1";"1";"1";"1";"2";"5";"1";"6"
"1425";"31";"1";"1";"1";"1";"1";"2";"4";"1";"5"
"1426";"31";"1";"1";"1";"2";"2";"2";"1";"1";"6"
"1427";"31";"1";"1";"1";"1";"2";"1";"2";"1";"5"
"1428";"31";"1";"1";"1";"1";"2";"2";"2";"2";"3"
"1429";"31";"2";"2";"2";"1";"2";"1";"5";"2";"3"
"1430";"31";"1";"1";"2";"2";"2";"0";"3";"2";"8"
"1431";"31";"1";"1";"1";"1";"2";"2";"4";"1";"5"
"1432";"31";"2";"2";"2";"2";"2";"1";"5";"1";"9"
"1433";"31";"1";"1";"1";"1";"2";"2";"2";"1";"6"
"1434";"31";"1";"1";"1";"1";"2";"1";"3";"1";"6"
"1435";"31";"1";"1";"1";"1";"2";"1";"3";"2";"6"
"1436";"31";"1";"1";"1";"1";"2";"2";"3";"1";"6"
"1437";"31";"1";"2";"1";"1";"2";"1";"5";"1";"2"
"1438";"31";"1";"1";"2";"1";"2";"2";"5";"1";"9"
"1439";"31";"1";"2";"1";"1";"2";"2";"5";"1";"4"
"1441";"31";"1";"1";"3";"1";"2";"2";"5";"1";"9"
"1442";"31";"1";"1";"1";"2";"2";"2";"5";"1";"5"
"1443";"31";"1";"1";"2";"1";"0";"1";"3";"1";"5"
"1444";"31";"1";"1";"1";"1";"2";"2";"2";"1";"8"
"1445";"31";"1";"2";"2";"1";"2";"1";"5";"2";"9"
"1446";"31";"1";"1";"1";"1";"2";"2";"5";"1";"8"
"1447";"31";"1";"1";"1";"1";"2";"1";"5";"1";"4"
"1448";"31";"1";"1";"2";"1";"2";"1";"2";"1";"5"
"1449";"31";"1";"1";"2";"1";"1";"1";"5";"1";"7"
"1450";"31";"1";"2";"1";"1";"1";"1";"5";"1";"4"
"1451";"31";"1";"2";"1";"2";"2";"1";"4";"1";"4"
"1452";"31";"2";"2";"2";"2";"2";"2";"5";"2";"2"
"1453";"31";"2";"2";"1";"1";"2";"1";"3";"1";"4"
"1454";"31";"1";"1";"1";"1";"2";"2";"3";"1";"9"
"1455";"31";"1";"1";"2";"2";"2";"2";"5";"1";"3"
"1456";"31";"1";"1";"1";"1";"2";"2";"4";"1";"4"
"1457";"31";"1";"1";"1";"1";"2";"2";"3";"1";"4"
"1458";"31";"1";"1";"1";"2";"2";"2";"1";"2";"2"
"1459";"31";"1";"1";"1";"1";"2";"2";"4";"1";"6"
"1460";"31";"1";"1";"1";"1";"2";"2";"5";"1";"8"
"1461";"31";"1";"1";"1";"1";"1";"1";"4";"2";"9"
"1462";"31";"1";"1";"2";"2";"2";"2";"5";"1";"6"
"1463";"31";"1";"1";"2";"1";"1";"2";"5";"1";"8"
"1464";"31";"1";"1";"1";"1";"2";"2";"3";"1";"7"
"1465";"31";"1";"2";"1";"1";"2";"1";"5";"1";"2"
"1466";"31";"1";"1";"1";"1";"2";"2";"5";"1";"2"
"1467";"31";"2";"2";"2";"1";"2";"1";"2";"1";"3"
"1468";"31";"1";"1";"1";"1";"2";"2";"1";"1";"7"
"1469";"31";"1";"1";"1";"1";"2";"1";"4";"1";"7"
"1470";"31";"3";"2";"3";"3";"2";"1";"4";"1";"9"
"1471";"31";"1";"1";"1";"1";"2";"2";"3";"1";"7"
"1472";"31";"1";"1";"1";"1";"2";"2";"5";"1";"9"
"1473";"31";"1";"1";"3";"1";"2";"1";"3";"1";"2"
"1474";"31";"1";"2";"1";"1";"2";"1";"3";"2";"7"
"1475";"31";"1";"1";"1";"1";"2";"2";"5";"1";"4"
"1476";"31";"1";"1";"1";"1";"2";"2";"1";"1";"3"
"1477";"31";"1";"1";"2";"1";"1";"1";"5";"1";"7"
"1478";"31";"1";"1";"2";"1";"2";"2";"3";"1";"4"
"1479";"31";"1";"1";"1";"2";"2";"2";"5";"1";"6"
"1480";"31";"1";"1";"1";"1";"2";"2";"4";"1";"5"
"1481";"31";"1";"2";"1";"1";"2";"2";"3";"1";"1"
"1482";"31";"1";"1";"1";"1";"1";"1";"3";"1";"8"
"1483";"31";"1";"1";"1";"1";"2";"2";"5";"1";"5"
"1484";"31";"1";"1";"2";"1";"2";"2";"5";"1";"6"
"1485";"31";"1";"1";"1";"2";"2";"2";"4";"1";"5"
"1486";"31";"1";"2";"1";"1";"2";"2";"5";"2";"2"
"1487";"32";"1";"1";"1";"1";"1";"1";"4";"1";"4"
"1488";"31";"1";"2";"1";"1";"2";"1";"5";"1";"2"
"1489";"22";"1";"2";"1";"1";"2";"2";"5";"-77";"-77"
"1490";"31";"1";"2";"2";"2";"2";"1";"5";"1";"3"
"1491";"31";"1";"1";"1";"1";"2";"2";"4";"1";"3"
"1492";"31";"1";"1";"1";"1";"2";"1";"5";"2";"5"
"1493";"31";"1";"1";"1";"1";"1";"2";"3";"1";"8"
"1494";"31";"1";"1";"1";"1";"2";"2";"3";"1";"9"
"1495";"31";"1";"1";"1";"2";"2";"2";"2";"1";"7"
"1496";"31";"1";"2";"1";"1";"1";"2";"5";"1";"5"
"1497";"31";"1";"2";"1";"1";"2";"1";"3";"1";"5"
"1498";"31";"1";"1";"1";"1";"1";"2";"5";"1";"4"
"1499";"31";"1";"1";"1";"1";"2";"2";"3";"1";"6"
"1500";"31";"1";"1";"1";"1";"2";"2";"3";"1";"9"
"1501";"31";"1";"1";"1";"1";"2";"2";"3";"1";"7"
"1502";"31";"1";"1";"1";"1";"1";"2";"4";"1";"6"
"1503";"31";"1";"1";"1";"1";"2";"2";"4";"2";"5"
"1504";"31";"1";"1";"1";"1";"1";"1";"3";"1";"8"
"1505";"31";"2";"2";"2";"1";"2";"1";"3";"1";"2"
"1507";"31";"1";"1";"1";"1";"2";"1";"5";"1";"4"
"1508";"31";"1";"1";"2";"1";"2";"2";"3";"1";"9"
"1509";"31";"1";"1";"1";"1";"2";"2";"3";"1";"4"
"1510";"31";"1";"1";"1";"1";"2";"1";"5";"1";"3"
"1511";"31";"2";"2";"2";"1";"2";"1";"5";"1";"4"
"1513";"31";"1";"1";"0";"1";"2";"1";"5";"1";"4"
"1514";"31";"1";"1";"1";"1";"2";"2";"5";"1";"6"
"1515";"31";"2";"2";"2";"1";"2";"2";"6";"1";"2"
"1516";"31";"1";"2";"1";"2";"2";"1";"3";"1";"9"
"1517";"31";"1";"2";"2";"1";"2";"2";"3";"1";"2"
"1518";"31";"0";"2";"2";"1";"2";"1";"5";"2";"2"
"1519";"31";"1";"1";"1";"1";"2";"1";"2";"1";"6"
"1520";"31";"2";"2";"2";"1";"2";"3";"5";"1";"2"
"1521";"31";"1";"2";"1";"1";"2";"1";"3";"1";"2"
"1522";"31";"1";"1";"1";"1";"1";"1";"2";"1";"2"
"1523";"31";"1";"1";"2";"1";"2";"2";"5";"1";"8"
"1524";"31";"1";"2";"1";"1";"2";"3";"3";"1";"9"
"1525";"31";"1";"1";"1";"2";"3";"3";"5";"1";"9"
"1526";"31";"1";"2";"2";"1";"2";"2";"5";"1";"9"
"1527";"31";"1";"2";"1";"1";"2";"2";"1";"2";"3"
"1528";"31";"1";"1";"1";"1";"2";"2";"3";"1";"4"
"1529";"31";"1";"1";"1";"2";"2";"2";"3";"1";"3"
"1530";"31";"1";"1";"2";"1";"2";"2";"3";"1";"6"
"1531";"31";"1";"1";"2";"1";"2";"2";"5";"1";"9"
"1532";"31";"1";"2";"1";"1";"2";"2";"4";"1";"3"
"1533";"31";"1";"2";"1";"1";"2";"1";"5";"1";"6"
"1534";"31";"1";"1";"2";"1";"2";"2";"3";"1";"4"
"1535";"31";"1";"1";"1";"1";"1";"1";"1";"1";"8"
"1536";"31";"1";"1";"1";"2";"2";"1";"2";"2";"4"
"1537";"31";"1";"1";"1";"1";"2";"2";"5";"1";"5"
"1538";"31";"1";"1";"1";"1";"2";"1";"5";"2";"7"
"1539";"31";"1";"1";"1";"1";"2";"2";"4";"1";"6"
"1540";"31";"1";"2";"1";"1";"2";"2";"5";"1";"2"
"1541";"31";"1";"1";"1";"1";"2";"2";"4";"1";"9"
"1542";"31";"1";"1";"1";"1";"1";"1";"3";"0";"5"
"1543";"31";"1";"1";"1";"1";"1";"2";"4";"1";"6"
"1544";"31";"1";"1";"1";"1";"1";"1";"5";"1";"5"
"1545";"31";"1";"1";"1";"2";"2";"1";"1";"1";"1"
"1546";"31";"1";"1";"1";"1";"2";"2";"4";"1";"6"
"1547";"31";"1";"1";"1";"1";"2";"2";"3";"2";"3"
"1548";"31";"1";"1";"2";"1";"2";"2";"5";"1";"8"
"1549";"31";"2";"2";"2";"1";"2";"1";"5";"1";"1"
"1550";"31";"1";"1";"1";"1";"2";"2";"5";"1";"8"
"1551";"31";"1";"1";"3";"2";"2";"1";"3";"1";"5"
"1552";"31";"1";"1";"1";"2";"2";"2";"5";"1";"6"
"1553";"31";"1";"2";"1";"1";"2";"2";"3";"1";"1"
"1554";"32";"1";"2";"1";"1";"2";"1";"5";"1";"3"
"1555";"31";"1";"1";"1";"1";"1";"1";"5";"1";"8"
"1556";"31";"1";"1";"2";"1";"2";"1";"5";"1";"7"
"1557";"31";"1";"2";"1";"1";"2";"1";"5";"1";"8"
"1558";"31";"1";"2";"2";"2";"1";"1";"3";"1";"5"
"1559";"31";"1";"1";"1";"2";"2";"2";"4";"1";"7"
"1560";"31";"1";"1";"1";"1";"2";"2";"3";"1";"4"
"1561";"31";"1";"1";"1";"1";"2";"2";"5";"1";"4"
"1562";"31";"1";"1";"1";"1";"2";"1";"3";"1";"4"
"1563";"22";"1";"1";"1";"2";"2";"2";"5";"-77";"-77"
"1564";"31";"1";"1";"1";"1";"2";"2";"5";"1";"5"
"1565";"31";"1";"1";"1";"1";"1";"1";"2";"1";"9"
"1566";"31";"1";"1";"3";"2";"2";"2";"5";"1";"3"
"1567";"22";"1";"2";"2";"2";"2";"2";"5";"-77";"-77"
"1568";"31";"1";"1";"3";"2";"2";"2";"3";"1";"9"
"1569";"31";"1";"1";"2";"1";"2";"1";"5";"1";"4"
"1570";"31";"1";"1";"1";"2";"2";"1";"4";"1";"4"
"1571";"31";"1";"2";"1";"1";"1";"1";"0";"1";"5"
"1572";"22";"0";"0";"0";"0";"-77";"-77";"-77";"-77";"-77"
"1573";"31";"1";"1";"1";"1";"2";"2";"5";"2";"8"
"1574";"31";"1";"1";"1";"1";"2";"2";"5";"2";"8"
"1575";"31";"1";"1";"2";"2";"2";"1";"4";"1";"5"
"1576";"31";"1";"1";"1";"1";"2";"1";"4";"1";"7"
"1577";"31";"1";"1";"2";"1";"1";"2";"5";"1";"7"
"1578";"31";"1";"1";"1";"1";"2";"1";"5";"1";"3"
"1579";"31";"1";"1";"2";"1";"2";"2";"2";"1";"9"
"1580";"31";"1";"1";"1";"1";"2";"2";"5";"1";"6"
"1581";"31";"1";"2";"1";"1";"2";"1";"3";"1";"6"
"1582";"31";"1";"1";"2";"1";"2";"2";"3";"1";"8"
"1583";"22";"1";"2";"1";"2";"2";"1";"4";"2";"9"
"1584";"31";"1";"1";"2";"1";"1";"2";"5";"1";"7"
"1585";"31";"1";"1";"1";"1";"2";"2";"0";"1";"8"
"1586";"31";"1";"2";"1";"1";"2";"2";"5";"1";"3"
"1587";"31";"1";"1";"2";"1";"2";"2";"2";"1";"5"
"1588";"31";"1";"1";"1";"1";"2";"2";"3";"1";"2"
"1589";"31";"2";"2";"2";"1";"2";"1";"3";"1";"6"
"1590";"31";"1";"1";"1";"1";"1";"2";"2";"1";"8"
"1591";"31";"1";"1";"3";"2";"2";"2";"3";"1";"9"
"1592";"31";"1";"2";"1";"1";"2";"2";"3";"1";"3"
"1593";"31";"1";"1";"1";"1";"2";"2";"4";"1";"2"
"1594";"31";"1";"1";"1";"1";"2";"2";"3";"1";"5"
"1595";"31";"1";"1";"2";"2";"2";"2";"5";"1";"3"
"1596";"31";"2";"2";"2";"1";"2";"1";"3";"1";"3"
"1597";"31";"1";"1";"1";"1";"1";"2";"5";"2";"5"
"1598";"31";"1";"2";"1";"1";"2";"2";"4";"1";"3"
"1599";"31";"1";"1";"1";"1";"2";"2";"3";"2";"4"
"1600";"31";"1";"2";"2";"2";"2";"2";"3";"1";"2"
"1601";"31";"1";"1";"1";"2";"2";"2";"4";"1";"3"
"1602";"31";"1";"2";"2";"1";"1";"1";"5";"1";"3"
"1603";"31";"1";"1";"1";"1";"1";"1";"3";"1";"7"
"1604";"31";"1";"1";"2";"1";"2";"1";"2";"1";"7"
"1605";"31";"1";"1";"1";"1";"2";"2";"4";"1";"4"
"1606";"31";"1";"2";"1";"1";"2";"1";"4";"1";"2"
"1607";"31";"1";"1";"2";"1";"2";"2";"5";"1";"4"
"1608";"31";"1";"1";"1";"2";"2";"1";"5";"1";"7"
"1609";"31";"1";"1";"1";"1";"1";"2";"5";"1";"3"
"1610";"31";"2";"2";"2";"2";"2";"2";"5";"1";"9"
"1611";"31";"1";"1";"1";"2";"2";"2";"5";"1";"3"
"1612";"22";"2";"2";"2";"1";"2";"2";"3";"-77";"-77"
"1613";"31";"1";"1";"2";"1";"2";"2";"5";"1";"3"
"1614";"31";"1";"1";"1";"1";"1";"2";"2";"1";"8"
"1615";"31";"1";"1";"1";"1";"2";"1";"4";"1";"5"
"1616";"31";"1";"1";"1";"1";"2";"2";"3";"1";"8"
"1617";"31";"1";"1";"1";"1";"2";"2";"3";"1";"5"
"1618";"31";"1";"1";"2";"2";"2";"1";"3";"1";"2"
"1619";"31";"1";"1";"2";"1";"2";"1";"3";"1";"2"
"1620";"31";"1";"2";"1";"1";"2";"1";"1";"1";"2"
"1621";"22";"1";"2";"2";"2";"2";"1";"5";"-77";"-77"
"1622";"31";"1";"1";"2";"1";"2";"2";"5";"1";"3"
"1623";"31";"1";"1";"2";"1";"2";"2";"2";"1";"9"
"1624";"31";"2";"2";"2";"1";"2";"2";"5";"1";"4"
"1626";"31";"1";"1";"1";"1";"2";"2";"4";"2";"9"
"1627";"22";"1";"1";"2";"2";"1";"2";"5";"1";"-77"
"1628";"31";"1";"2";"1";"1";"1";"1";"3";"2";"5"
"1629";"31";"1";"1";"2";"1";"2";"2";"4";"1";"6"
"1630";"31";"1";"1";"1";"1";"2";"2";"2";"1";"3"
"1631";"31";"1";"2";"1";"1";"2";"2";"2";"1";"5"
"1632";"31";"1";"1";"1";"1";"2";"2";"4";"1";"6"
"1633";"31";"1";"2";"1";"2";"1";"1";"3";"1";"3"
"1634";"31";"2";"2";"2";"2";"2";"2";"3";"1";"9"
"1635";"31";"1";"1";"1";"1";"2";"2";"1";"2";"2"
"1636";"31";"1";"2";"1";"1";"2";"1";"4";"1";"6"
"1637";"31";"1";"1";"1";"1";"2";"2";"4";"1";"9"
"1638";"31";"1";"1";"2";"1";"2";"2";"1";"2";"1"
"1639";"31";"1";"1";"1";"1";"2";"2";"3";"1";"4"
"1640";"31";"1";"2";"1";"1";"2";"1";"4";"1";"9"
"1641";"31";"1";"1";"2";"1";"2";"2";"1";"1";"5"
"1642";"31";"1";"1";"1";"2";"2";"2";"5";"1";"5"
"1643";"31";"1";"1";"1";"2";"2";"2";"4";"1";"8"
"1644";"31";"1";"1";"1";"1";"2";"2";"4";"1";"9"
"1645";"31";"1";"1";"2";"1";"2";"2";"4";"1";"6"
"1646";"31";"2";"2";"2";"1";"2";"2";"1";"1";"1"
"1647";"31";"1";"1";"1";"1";"2";"1";"1";"1";"4"
"1648";"31";"1";"1";"1";"1";"2";"2";"5";"1";"4"
"1649";"31";"1";"1";"1";"1";"2";"2";"3";"1";"4"
"1650";"31";"2";"2";"2";"1";"2";"2";"3";"1";"5"
"1651";"31";"1";"1";"2";"1";"2";"2";"5";"1";"3"
"1652";"31";"1";"1";"1";"1";"2";"2";"3";"1";"7"
"1653";"31";"1";"1";"1";"1";"2";"2";"2";"1";"3"
"1655";"31";"1";"1";"1";"1";"1";"0";"2";"1";"4"
"1656";"31";"1";"1";"2";"1";"2";"2";"4";"1";"8"
"1657";"31";"1";"1";"1";"1";"1";"1";"3";"1";"8"
"1658";"31";"1";"1";"1";"1";"2";"2";"2";"1";"4"
"1659";"31";"2";"2";"2";"1";"2";"2";"5";"1";"3"
"1660";"31";"1";"1";"1";"1";"2";"2";"1";"1";"5"
"1661";"31";"1";"1";"2";"2";"2";"2";"3";"1";"2"
"1662";"31";"1";"1";"1";"1";"2";"2";"5";"1";"3"
"1663";"31";"1";"1";"3";"1";"2";"1";"4";"1";"9"
"1664";"31";"1";"1";"2";"1";"2";"2";"3";"1";"9"
"1665";"31";"1";"1";"2";"1";"1";"2";"3";"1";"6"
"1666";"31";"1";"1";"1";"2";"2";"2";"2";"2";"4"
"1667";"31";"1";"1";"2";"2";"2";"2";"3";"1";"5"
"1668";"31";"1";"2";"1";"2";"1";"1";"4";"2";"4"
"1669";"22";"2";"2";"2";"2";"2";"1";"3";"-77";"-77"
"1670";"31";"1";"1";"1";"1";"2";"1";"3";"1";"2"
"1671";"22";"1";"1";"1";"1";"2";"1";"2";"-77";"-77"
"1672";"31";"1";"1";"2";"1";"2";"2";"1";"2";"9"
"1673";"32";"1";"2";"2";"1";"1";"1";"2";"2";"5"
"1674";"31";"1";"1";"2";"1";"2";"1";"5";"1";"8"
"1675";"31";"1";"1";"1";"2";"2";"2";"5";"1";"6"
"1676";"31";"2";"2";"0";"2";"1";"2";"5";"1";"4"
"1677";"31";"1";"1";"1";"1";"2";"2";"4";"1";"5"
"1678";"31";"1";"2";"1";"2";"2";"1";"4";"1";"3"
"1679";"31";"1";"1";"1";"1";"1";"2";"5";"2";"4"
"1680";"31";"1";"1";"1";"1";"2";"2";"1";"1";"4"
"1681";"31";"1";"1";"1";"1";"2";"2";"3";"1";"2"
"1682";"31";"1";"1";"1";"1";"2";"2";"3";"1";"1"
"1684";"31";"1";"1";"1";"1";"2";"2";"5";"1";"4"
"1685";"31";"1";"1";"2";"2";"2";"2";"3";"1";"3"
"1686";"31";"1";"1";"1";"2";"2";"2";"3";"1";"8"
"1687";"31";"2";"2";"2";"2";"2";"2";"3";"1";"2"
"1688";"31";"1";"2";"2";"2";"2";"2";"5";"1";"2"
"1689";"31";"1";"1";"1";"1";"2";"2";"3";"2";"9"
"1690";"31";"1";"1";"1";"1";"2";"1";"3";"2";"9"
"1691";"31";"1";"1";"1";"2";"2";"1";"4";"1";"7"
"1692";"31";"1";"1";"1";"1";"2";"2";"5";"1";"9"
"1693";"31";"1";"2";"2";"1";"2";"2";"5";"2";"3"
"1694";"31";"1";"2";"1";"1";"2";"1";"2";"1";"2"
"1695";"31";"1";"1";"2";"1";"2";"2";"5";"1";"6"
"1696";"31";"1";"1";"2";"1";"2";"2";"3";"2";"4"
"1697";"31";"1";"1";"1";"1";"2";"2";"3";"1";"8"
"1698";"31";"1";"1";"1";"1";"2";"2";"4";"1";"6"
"1699";"31";"1";"1";"1";"1";"2";"1";"3";"1";"7"
"1700";"31";"1";"1";"1";"1";"2";"2";"4";"1";"5"
"1701";"22";"1";"2";"1";"1";"1";"2";"5";"-77";"-77"
"1702";"31";"1";"1";"1";"1";"1";"1";"5";"1";"8"
"1704";"31";"1";"1";"1";"1";"1";"1";"1";"1";"8"
"1705";"31";"1";"2";"1";"1";"1";"1";"3";"1";"9"
"1706";"31";"2";"1";"1";"1";"2";"2";"5";"2";"6"
"1707";"31";"1";"2";"1";"1";"2";"2";"3";"2";"2"
"1708";"31";"1";"1";"2";"2";"2";"2";"2";"1";"3"
"1709";"31";"2";"2";"1";"1";"2";"1";"5";"1";"1"
"1710";"31";"1";"1";"1";"1";"1";"1";"3";"1";"2"
"1711";"31";"1";"2";"1";"1";"1";"1";"5";"1";"3"
"1712";"31";"1";"2";"1";"2";"2";"1";"5";"1";"3"
"1713";"32";"1";"2";"1";"1";"1";"1";"4";"1";"3"
"1714";"31";"2";"2";"2";"1";"2";"1";"3";"1";"1"
"1715";"31";"1";"2";"1";"1";"2";"1";"4";"1";"5"
"1716";"31";"1";"1";"3";"1";"1";"3";"3";"1";"3"
"1717";"31";"1";"1";"2";"1";"1";"2";"4";"1";"4"
"1718";"31";"2";"2";"2";"1";"2";"1";"5";"1";"1"
"1719";"31";"1";"1";"1";"1";"2";"2";"3";"1";"5"
"1720";"31";"1";"1";"1";"1";"2";"2";"3";"1";"5"
"1721";"31";"1";"1";"2";"1";"1";"2";"4";"1";"2"
"1722";"31";"1";"1";"1";"1";"0";"2";"4";"2";"4"
"1723";"31";"1";"1";"2";"2";"2";"2";"5";"1";"9"
"1725";"31";"1";"1";"1";"1";"2";"1";"3";"2";"7"
"1726";"31";"1";"1";"1";"1";"2";"2";"5";"2";"5"
"1727";"31";"1";"1";"1";"1";"2";"2";"4";"1";"1"
"1728";"31";"1";"1";"1";"1";"1";"1";"1";"1";"5"
"1729";"31";"1";"1";"1";"1";"2";"2";"3";"1";"8"
"1730";"31";"1";"1";"2";"1";"2";"2";"5";"1";"6"
"1731";"31";"1";"1";"1";"1";"2";"2";"5";"1";"4"
"1732";"31";"1";"1";"1";"1";"2";"1";"3";"1";"4"
"1733";"31";"1";"1";"1";"1";"1";"1";"1";"2";"9"
"1734";"31";"1";"1";"1";"1";"2";"1";"5";"1";"8"
"1735";"31";"1";"1";"1";"1";"2";"1";"4";"1";"3"
"1736";"31";"1";"1";"1";"1";"1";"1";"3";"1";"9"
"1737";"31";"1";"1";"2";"1";"2";"2";"3";"1";"3"
"1738";"31";"1";"1";"2";"2";"2";"2";"3";"1";"3"
"1739";"31";"1";"2";"1";"1";"1";"2";"4";"1";"5"
"1740";"31";"1";"2";"1";"1";"2";"1";"3";"1";"2"
"1741";"31";"1";"2";"2";"1";"2";"1";"3";"2";"2"
"1742";"31";"1";"2";"1";"1";"2";"2";"4";"1";"2"
"1743";"31";"1";"1";"1";"1";"2";"2";"5";"1";"9"
"1744";"31";"2";"2";"2";"2";"2";"2";"3";"2";"2"
"1745";"31";"1";"1";"1";"1";"2";"1";"2";"1";"9"
"1747";"31";"1";"1";"1";"1";"2";"1";"1";"1";"2"
"1748";"31";"1";"1";"1";"1";"2";"2";"3";"1";"6"
"1749";"31";"2";"2";"2";"2";"2";"1";"5";"2";"5"
"1750";"31";"1";"1";"1";"2";"2";"2";"4";"2";"3"
"1751";"31";"1";"1";"1";"2";"2";"2";"4";"1";"4"
"1752";"31";"1";"1";"2";"1";"1";"2";"4";"1";"4"
"1753";"31";"1";"1";"1";"1";"1";"1";"4";"1";"6"
"1754";"31";"1";"2";"2";"1";"2";"1";"5";"1";"9"
"1755";"31";"1";"1";"1";"1";"2";"2";"5";"1";"1"
"1756";"31";"1";"1";"1";"1";"1";"1";"2";"1";"6"
"1757";"31";"1";"1";"1";"1";"2";"1";"2";"1";"1"
"1758";"31";"1";"1";"1";"1";"2";"2";"4";"1";"8"
"1759";"31";"1";"1";"1";"1";"2";"1";"3";"1";"9"
"1760";"31";"1";"2";"1";"1";"2";"2";"5";"1";"3"
"1761";"31";"1";"1";"1";"1";"2";"2";"5";"1";"2"
"1762";"31";"1";"1";"1";"2";"2";"2";"5";"1";"5"
"1763";"31";"1";"1";"1";"1";"2";"2";"3";"1";"6"
"1764";"31";"1";"1";"2";"2";"2";"2";"4";"1";"5"
"1765";"31";"1";"2";"1";"1";"2";"1";"5";"1";"8"
"1766";"31";"1";"1";"2";"1";"2";"1";"3";"2";"3"
"1767";"31";"1";"2";"1";"1";"1";"1";"4";"2";"4"
"1768";"31";"1";"1";"1";"1";"2";"2";"3";"1";"4"
"1769";"31";"1";"1";"1";"1";"1";"1";"3";"2";"3"
"1770";"31";"1";"2";"1";"1";"2";"2";"5";"1";"9"
"1771";"31";"2";"0";"2";"1";"2";"1";"5";"2";"3"
"1772";"31";"1";"1";"2";"1";"2";"2";"5";"1";"8"
"1773";"31";"1";"1";"1";"2";"2";"2";"5";"1";"9"